Algoritmo,Ejecuciones completadas,Tiempo medio (s),Tiempo mediano (s),Tiempo máximo (s),RAM media (MB),RAM máxima (MB)
Binary Tree (C++/GMP),18,1.5095,1.127,5.851,22.214444444444442,57.86
Binary Tree (Python),18,38.05983333333334,22.311999999999998,152.803,52.965555555555554,94.39
Remainder Tree (Python),18,233.91372222222222,136.6705,870.017,67.76555555555555,128.7
